Station,Dataset,Type,Model,Scale_Intercept,Scale_SE_Intercept,Scale_Slope,Scale_SE_Slope,Shape,Shape_SE,Trend_lr_pval,Shape_lr_pval,First_Observation_Date,Last_Observation_Date,Elapsed_Years,Significant_Trend,Significant_Shape
Avasjö-Borgafjäll D,Original,GP,Stationary,7.938580623402267,1.1182928281233653,NA,NA,-0.06768155809128772,0.10646891654288415,NA,NA,1957-07-01,2024-11-30,67.41683778234086,NA,NA
Avasjö-Borgafjäll D,Original,Exponential,Stationary,7.43076923076923,0.6869748193443038,NA,NA,NA,NA,NA,NA,1957-07-01,2024-11-30,67.41683778234086,NA,NA
Avasjö-Borgafjäll D,Original,GP,Multiplicative,2.102889942636489,0.21632830019999436,-8.618384895155705e-4,0.0046102578572856335,-0.0666636555097726,0.10691579584816309,0.8515776823193281,NA,1957-07-01,2024-11-30,67.41683778234086,FALSE,NA
Avasjö-Borgafjäll D,Original,Exponential,Multiplicative,2.046047514941593,0.20726799009862568,-0.0010830022232619922,0.004943581266735702,NA,NA,0.8266037256963903,0.5507742020420107,1957-07-01,2024-11-30,67.41683778234086,FALSE,FALSE
Borås,Original,GP,Stationary,6.908858869057633,0.9343012628369466,NA,NA,3.399720312500002e-8,0.09685243536506821,NA,NA,1962-07-01,2024-11-30,62.417522245037645,NA,NA
Borås,Original,Exponential,Stationary,6.880180180180181,0.6530377597154348,NA,NA,NA,NA,NA,NA,1962-07-01,2024-11-30,62.417522245037645,NA,NA
Borås,Original,GP,Multiplicative,2.144255613594872,0.2396193467707615,-0.005898202727299971,0.0054576666675171725,-0.03193669524663832,0.1000443159765082,0.2915822253049023,NA,1962-07-01,2024-11-30,62.417522245037645,FALSE,NA
Borås,Original,Exponential,Multiplicative,2.100866137892071,0.1994008940022324,-0.005526624266480925,0.005480180082096601,NA,NA,0.3138584889150199,0.7566656746986515,1962-07-01,2024-11-30,62.417522245037645,FALSE,FALSE
Finnbacka D,Original,GP,Stationary,8.358116692129284,1.0949639884503084,NA,NA,0.022479619325196647,0.08793788610055069,NA,NA,1962-12-26,2024-11-30,61.93018480492813,NA,NA
Finnbacka D,Original,Exponential,Stationary,8.550943396226415,0.8305410117781237,NA,NA,NA,NA,NA,NA,1962-12-26,2024-11-30,61.93018480492813,NA,NA
Finnbacka D,Original,GP,Multiplicative,2.2889538699466763,0.20960252532814355,-0.006400884610447158,0.006300688351281948,0.03789243332308949,0.08851071039652686,0.3072866318276409,NA,1962-12-26,2024-11-30,61.93018480492813,FALSE,NA
Finnbacka D,Original,Exponential,Multiplicative,2.309073150018462,0.20005658390406098,-0.005756314339744032,0.006015488075640564,NA,NA,0.3406375407478067,0.6515568960104855,1962-12-26,2024-11-30,61.93018480492813,FALSE,FALSE
Gendalen,Original,GP,Stationary,8.02272734998913,1.2860210554946174,NA,NA,1.4232312500000008e-7,0.13696523778644995,NA,NA,1962-10-01,2024-11-30,62.16563997262149,NA,NA
Gendalen,Original,Exponential,Stationary,8.305252252252135,0.7882996248960495,NA,NA,NA,NA,NA,NA,1962-10-01,2024-11-30,62.16563997262149,NA,NA
Gendalen,Original,GP,Multiplicative,2.2881771152044577,0.22408551333565913,-0.002642724882419106,0.004750675727100186,-0.0830627131578464,0.13215382688103122,0.3695775808720029,NA,1962-10-01,2024-11-30,62.16563997262149,FALSE,NA
Gendalen,Original,Exponential,Multiplicative,2.212878111077142,0.20037549484706166,-0.0028199514685615097,0.005109119549145717,NA,NA,0.5805205934650163,0.5456411822260708,1962-10-01,2024-11-30,62.16563997262149,FALSE,FALSE
Grönliden,Original,GP,Stationary,6.677177707578374,0.9572164629266512,NA,NA,0.1883224627843065,0.1118616417578974,NA,NA,1955-11-13,2024-11-30,69.0485968514716,NA,NA
Grönliden,Original,Exponential,Stationary,8.198333333333332,0.7484019821965683,NA,NA,NA,NA,NA,NA,1955-11-13,2024-11-30,69.0485968514716,NA,NA
Grönliden,Original,GP,Multiplicative,2.4177619614290853,0.257947637335243,-0.012130093733505562,0.00524661659035076,0.12799355778907945,0.11445622941623318,0.02429871254436723,NA,1955-11-13,2024-11-30,69.0485968514716,TRUE,NA
Grönliden,Original,Exponential,Multiplicative,2.5696525565294372,0.20393037426331723,-0.012573358357264657,0.004607589145586401,NA,NA,0.005825314969625625,0.21636443782157608,1955-11-13,2024-11-30,69.0485968514716,TRUE,FALSE
Hallstaberg,Original,GP,Stationary,7.217250919485411,0.9394909268422792,NA,NA,0.20326390293588278,0.09354634764796534,NA,NA,1959-08-01,2024-11-30,65.33333333333333,NA,NA
Hallstaberg,Original,Exponential,Stationary,9.205128205128204,0.8510143723593876,NA,NA,NA,NA,NA,NA,1959-08-01,2024-11-30,65.33333333333333,NA,NA
Hallstaberg,Original,GP,Multiplicative,2.1745354365203444,0.23391990171566457,-0.00568346748241968,0.005584636613919358,0.19450530665111404,0.09260313592693162,0.31024387097968703,NA,1959-08-01,2024-11-30,65.33333333333333,FALSE,NA
Hallstaberg,Original,Exponential,Multiplicative,2.4294424678812847,0.19510513453722317,-0.006352082165855302,0.00503921561098194,NA,NA,0.20669434477024165,0.0030114523807397466,1959-08-01,2024-11-30,65.33333333333333,FALSE,TRUE
Hanö A,Original,GP,Stationary,7.148431489905047,0.7056329749794146,NA,NA,0.18430230509886303,0.07687916727761271,NA,NA,1881-11-01,2024-11-30,143.07734428473648,NA,NA
Hanö A,Original,Exponential,Stationary,8.733333333333333,0.5501482652916202,NA,NA,NA,NA,NA,NA,1881-11-01,2024-11-30,143.07734428473648,NA,NA
Hanö A,Original,GP,Multiplicative,2.014520979746907,0.16092260481337115,-6.432865302376015e-4,0.001732025501343702,0.18400912523722926,0.07684010254341413,0.7102389428321825,NA,1881-11-01,2024-11-30,143.07734428473648,FALSE,NA
Hanö A,Original,Exponential,Multiplicative,2.207902599297787,0.1265974202593273,-5.544566883882052e-4,0.0014811979676032012,NA,NA,0.7089523215309786,0.004579594305973167,1881-11-01,2024-11-30,143.07734428473648,FALSE,TRUE
Heden,Original,GP,Stationary,8.592456781137795,1.3094899382405247,NA,NA,-0.017734118495001918,0.11991098169745797,NA,NA,1962-04-23,2024-11-30,62.60643394934976,NA,NA
Heden,Original,Exponential,Stationary,8.44222123893788,0.7941773370216012,NA,NA,NA,NA,NA,NA,1962-04-23,2024-11-30,62.60643394934976,NA,NA
Heden,Original,GP,Multiplicative,1.9580440723252472,0.2576146031709128,0.005159378920514034,0.005414831193813079,-0.0016010786397542827,0.11919303107483802,0.3336711522682927,NA,1962-04-23,2024-11-30,62.60643394934976,FALSE,NA
Heden,Original,Exponential,Multiplicative,1.9558440005872124,0.19961495832085177,0.00517730892007171,0.0052618355918385715,NA,NA,0.32823546432069434,0.9893039601096811,1962-04-23,2024-11-30,62.60643394934976,FALSE,FALSE
Hyltan,Original,GP,Stationary,5.277128378997352,0.8244047836051288,NA,NA,0.3197980478296036,0.13228599701410218,NA,NA,1952-08-17,2024-11-30,72.28747433264887,NA,NA
Hyltan,Original,Exponential,Stationary,7.522269230769173,0.6597466206527547,NA,NA,NA,NA,NA,NA,1952-08-17,2024-11-30,72.28747433264887,NA,NA
Hyltan,Original,GP,Multiplicative,1.6731120158933934,0.24828840147830253,-2.839296006434409e-4,0.00564959310696861,0.3214608196240972,0.1364996718643386,0.9599082561108648,NA,1952-08-17,2024-11-30,72.28747433264887,FALSE,NA
Hyltan,Original,Exponential,Multiplicative,1.859837088940972,0.18985635483628807,0.0038552289244547337,0.0041912319199552146,NA,NA,0.3602376708513744,0.0042257356738941805,1952-08-17,2024-11-30,72.28747433264887,FALSE,TRUE
Härnösand,Original,GP,Stationary,10.178046437067719,0.9543400959660242,NA,NA,0.1769471354544057,0.07107438223984745,NA,NA,1870-11-26,2024-11-30,154.00958247775498,NA,NA
Härnösand,Original,Exponential,Stationary,12.396911196911196,0.770306557961453,NA,NA,NA,NA,NA,NA,1870-11-26,2024-11-30,154.00958247775498,NA,NA
Härnösand,Original,GP,Multiplicative,2.5413849860461526,0.17672289286083123,-0.0022863049893434256,0.0015745236181805146,0.15057456961829369,0.07200377807094997,0.15307772565360472,NA,1870-11-26,2024-11-30,154.00958247775498,FALSE,NA
Härnösand,Original,Exponential,Multiplicative,2.790736578252148,0.13166367291731212,-0.0032795371534129463,0.0013324675101407059,NA,NA,0.013580097056575332,0.011109212437667217,1870-11-26,2024-11-30,154.00958247775498,TRUE,TRUE
Håvelund,Original,GP,Stationary,8.133045114371287,0.8966819293154601,NA,NA,-0.07811989850684178,0.06880578241562993,NA,NA,1948-02-06,2024-11-30,76.81587953456537,NA,NA
Håvelund,Original,Exponential,Stationary,7.549253731343282,0.652156159864939,NA,NA,NA,NA,NA,NA,1948-02-06,2024-11-30,76.81587953456537,NA,NA
Håvelund,Original,GP,Multiplicative,2.055068367554558,0.17500987159688217,0.0011171468196595322,0.0037845737770237247,-0.08673785617423037,0.0755847670924659,0.7688114530586295,NA,1948-02-06,2024-11-30,76.81587953456537,FALSE,NA
Håvelund,Original,Exponential,Multiplicative,2.0302911898736222,0.1903823396272597,-2.0165295436846688e-4,0.003862354438261547,NA,NA,0.9583859990799305,0.2959895437080961,1948-02-06,2024-11-30,76.81587953456537,FALSE,FALSE
Höglekardalen,Original,GP,Stationary,14.489934188925687,2.2132452490865293,NA,NA,2.2562031250000013e-7,0.12343493944905913,NA,NA,1962-02-01,2024-11-30,62.82819986310746,NA,NA
Höglekardalen,Original,Exponential,Stationary,14.892307692307693,1.4603108810775176,NA,NA,NA,NA,NA,NA,1962-02-01,2024-11-30,62.82819986310746,NA,NA
Höglekardalen,Original,GP,Multiplicative,2.870501434253502,0.21633301732202964,-0.004087052622278117,0.005424188779960881,-0.04472366003007318,0.11613776746291411,0.36384905048524774,NA,1962-02-01,2024-11-30,62.82819986310746,FALSE,NA
Höglekardalen,Original,Exponential,Multiplicative,2.8344383254408236,0.2008480491105882,-0.004341373748810186,0.005572496430847267,NA,NA,0.43575717941806713,0.7098853744157989,1962-02-01,2024-11-30,62.82819986310746,FALSE,FALSE
Höljes,Original,GP,Stationary,5.985360168948684,0.9297022096988179,NA,NA,0.28958241576799104,0.12890945522449548,NA,NA,1953-10-04,2024-11-30,71.15674195756331,NA,NA
Höljes,Original,Exponential,Stationary,8.273770491803278,0.749071952081444,NA,NA,NA,NA,NA,NA,1953-10-04,2024-11-30,71.15674195756331,NA,NA
Höljes,Original,GP,Multiplicative,1.8917798811381528,0.2610460767717622,-0.0026186445358323527,0.0054244540399939435,0.2850066639552145,0.1287945573830512,0.6299455080719009,NA,1953-10-04,2024-11-30,71.15674195756331,FALSE,NA
Höljes,Original,Exponential,Multiplicative,2.241713689153582,0.19256645757015953,-0.003472299502513575,0.004500705879860895,NA,NA,0.4397563086073027,0.004735267579485947,1953-10-04,2024-11-30,71.15674195756331,FALSE,TRUE
Jäckvik,Original,GP,Stationary,6.417518101255228,0.876250725986966,NA,NA,0.20697305239530153,0.10909850647346722,NA,NA,1943-11-01,2024-11-30,81.08145106091717,NA,NA
Jäckvik,Original,Exponential,Stationary,8.039190140845147,0.6746338197750854,NA,NA,NA,NA,NA,NA,1943-11-01,2024-11-30,81.08145106091717,NA,NA
Jäckvik,Original,GP,Multiplicative,2.0155158396490265,0.22718158249848344,-0.0034708457886621154,0.004116059297270908,0.19853915697584232,0.10916180903090182,0.40022750282545655,NA,1943-11-01,2024-11-30,81.08145106091717,FALSE,NA
Jäckvik,Original,Exponential,Multiplicative,2.2430978594746938,0.16969707380385704,-0.003760561537390576,0.0033985941611728134,NA,NA,0.2671903403532182,0.0305105033093337,1943-11-01,2024-11-30,81.08145106091717,FALSE,TRUE
Kilagården,Original,GP,Stationary,8.824473354634693,1.311983568737281,NA,NA,0.04111443691464,0.11680686171555342,NA,NA,1956-01-18,2024-11-30,68.86789869952088,NA,NA
Kilagården,Original,Exponential,Stationary,9.2,0.8469286183654915,NA,NA,NA,NA,NA,NA,1956-01-18,2024-11-30,68.86789869952088,NA,NA
Kilagården,Original,GP,Multiplicative,2.2809855675348967,0.22275100875828818,-0.0028524779734473826,0.004793268075306947,0.04603460184618149,0.11337881381114567,0.5484846893807791,NA,1956-01-18,2024-11-30,68.86789869952088,FALSE,NA
Kilagården,Original,Exponential,Multiplicative,2.3152318776662306,0.19673342889522638,-0.0025268688467404636,0.0045105367782801815,NA,NA,0.5751753129100575,0.6726731235126842,1956-01-18,2024-11-30,68.86789869952088,FALSE,FALSE
Klippan,Original,GP,Stationary,7.56608879346795,1.0594971463592213,NA,NA,0.24747726859855265,0.11179038674434576,NA,NA,1945-01-01,2024-11-30,79.91238877481177,NA,NA
Klippan,Original,Exponential,Stationary,9.965151515151515,0.867355083698969,NA,NA,NA,NA,NA,NA,1945-01-01,2024-11-30,79.91238877481177,NA,NA
Klippan,Original,GP,Multiplicative,1.89428453711742,0.2418891734086573,0.003016783847493871,0.004544874597977269,0.24588847069614214,0.11142972498646461,0.5071628014947182,NA,1945-01-01,2024-11-30,79.91238877481177,FALSE,NA
Klippan,Original,Exponential,Multiplicative,2.176302609247464,0.17788029538528363,0.0028118071194448415,0.0036169814466034756,NA,NA,0.43954098648430484,0.007214552586703657,1945-01-01,2024-11-30,79.91238877481177,FALSE,TRUE
Kristinehamn,Original,GP,Stationary,7.183555103056512,1.0864699466065213,NA,NA,0.11212634157516706,0.11953307187552878,NA,NA,1959-10-18,2024-11-30,65.11978097193703,NA,NA
Kristinehamn,Original,Exponential,Stationary,8.073239130434871,0.7528333970235597,NA,NA,NA,NA,NA,NA,1959-10-18,2024-11-30,65.11978097193703,NA,NA
Kristinehamn,Original,GP,Multiplicative,2.271945075804498,0.29450430007588996,-0.007732975095697668,0.006553100879877549,0.08086993298981317,0.12399533463815196,0.2440359855141473,NA,1959-10-18,2024-11-30,65.11978097193703,FALSE,NA
Kristinehamn,Original,Exponential,Multiplicative,2.3830771993930377,0.2369812340250298,-0.008526512611535654,0.006128960854919662,NA,NA,0.1627136927554687,0.4910905391402409,1959-10-18,2024-11-30,65.11978097193703,FALSE,FALSE
Ljusnedal,Original,GP,Stationary,6.431511396531147,0.7593185867585297,NA,NA,0.04430431969309746,0.08902937698934783,NA,NA,1930-01-01,2024-11-30,94.91307323750856,NA,NA
Ljusnedal,Original,Exponential,Stationary,6.7283132530120495,0.5222183527382229,NA,NA,NA,NA,NA,NA,1930-01-01,2024-11-30,94.91307323750856,NA,NA
Ljusnedal,Original,GP,Multiplicative,2.015549875980866,0.1818840681118331,-0.0030669631061611092,0.002830404001321624,0.03335896128397867,0.0916204871835098,0.2824817745264265,NA,1930-01-01,2024-11-30,94.91307323750856,FALSE,NA
Ljusnedal,Original,Exponential,Multiplicative,2.0508299666485095,0.1520632954044996,-0.003098412241953578,0.0027284731501497354,NA,NA,0.2570322214904152,0.7081741400641043,1930-01-01,2024-11-30,94.91307323750856,FALSE,FALSE
Lund,Original,GP,Stationary,8.640355687358335,1.2861463185883921,NA,NA,-0.01584751152595068,0.11569797401873362,NA,NA,1961-01-01,2024-11-30,63.912388774811774,NA,NA
Lund,Original,Exponential,Stationary,8.50533333333345,0.796597423196681,NA,NA,NA,NA,NA,NA,1961-01-01,2024-11-30,63.912388774811774,NA,NA
Lund,Original,GP,Multiplicative,2.09026078870496,0.22890082420649,0.0018756484000266593,0.004809037422469439,-0.01874487590842917,0.11587375828445576,0.6981949263169441,NA,1961-01-01,2024-11-30,63.912388774811774,FALSE,NA
Lund,Original,Exponential,Multiplicative,2.0718805468429444,0.20263851497546329,0.0018687801909438963,0.004923063677599362,NA,NA,0.705181515278873,0.8731965355237181,1961-01-01,2024-11-30,63.912388774811774,FALSE,FALSE
Mariestad,Original,GP,Stationary,12.372349389792364,1.5586275580129758,NA,NA,-0.26842909126407233,0.08909831144730306,NA,NA,1958-08-01,2024-11-30,66.33264887063655,NA,NA
Mariestad,Original,Exponential,Stationary,9.72136752136752,0.8987407199314702,NA,NA,NA,NA,NA,NA,1958-08-01,2024-11-30,66.33264887063655,NA,NA
Mariestad,Original,GP,Multiplicative,2.412344922366366,0.20400571384709162,0.0023308887769529813,0.003507012960699477,-0.25551910935145494,0.08885074448932076,0.5044361687702386,NA,1958-08-01,2024-11-30,66.33264887063655,FALSE,NA
Mariestad,Original,Exponential,Multiplicative,2.0892318024016356,0.2181892704468006,0.0047908898833271775,0.005214078535486449,NA,NA,0.3607605547426424,0.014355243246416119,1958-08-01,2024-11-30,66.33264887063655,FALSE,TRUE
Mångsbodarna,Original,GP,Stationary,6.876739475193553,0.8738753844308504,NA,NA,0.05279264305423574,0.09174935386239412,NA,NA,1952-09-27,2024-11-30,72.17522245037645,NA,NA
Mångsbodarna,Original,Exponential,Stationary,7.260069767441992,0.6392134655681503,NA,NA,NA,NA,NA,NA,1952-09-27,2024-11-30,72.17522245037645,NA,NA
Mångsbodarna,Original,GP,Multiplicative,1.9822957107564678,0.23180539542355585,-0.0012750935088176537,0.00459232306455533,0.049937401939472346,0.09145907905333862,0.7816852056426763,NA,1952-09-27,2024-11-30,72.17522245037645,FALSE,NA
Mångsbodarna,Original,Exponential,Multiplicative,2.041625275135903,0.19906852220448107,-0.001479535597970566,0.004411434563719692,NA,NA,0.7341894437270736,0.562245099698016,1952-09-27,2024-11-30,72.17522245037645,FALSE,FALSE
Ockelbo,Original,GP,Stationary,8.56618184408963,1.1544227137325893,NA,NA,0.18774209794824331,0.10616198377620818,NA,NA,1945-01-01,2024-11-30,79.91238877481177,NA,NA
Ockelbo,Original,Exponential,Stationary,10.5,0.8874119449397885,NA,NA,NA,NA,NA,NA,1945-01-01,2024-11-30,79.91238877481177,NA,NA
Ockelbo,Original,GP,Multiplicative,2.4307524382830867,0.2180939765309337,-0.006910415548060196,0.004380006703285674,0.19053293736943536,0.10104894383349892,0.11180169146668151,NA,1945-01-01,2024-11-30,79.91238877481177,FALSE,NA
Ockelbo,Original,Exponential,Multiplicative,2.542210827377459,0.17732246234602597,-0.004607352033729798,0.00365264963376946,NA,NA,0.2070423592209702,0.020560072401320184,1945-01-01,2024-11-30,79.91238877481177,FALSE,TRUE
Oxelösund,Original,GP,Stationary,7.808940027985171,1.0793672375980214,NA,NA,0.0618253968876199,0.09896894213505383,NA,NA,1963-07-01,2024-11-30,61.41820670773443,NA,NA
Oxelösund,Original,Exponential,Stationary,8.324299065420561,0.8047403310677653,NA,NA,NA,NA,NA,NA,1963-07-01,2024-11-30,61.41820670773443,NA,NA
Oxelösund,Original,GP,Multiplicative,2.1155010333584445,0.25982038553488357,-0.001678525348390532,0.006114080601868012,0.05481476747174018,0.10294672124590913,0.7845129806549335,NA,1963-07-01,2024-11-30,61.41820670773443,FALSE,NA
Oxelösund,Original,Exponential,Multiplicative,2.2015116096013676,0.20571047409625248,-0.0026108650532738515,0.005687789624644355,NA,NA,0.6459730388915587,0.5778884677304128,1963-07-01,2024-11-30,61.41820670773443,FALSE,FALSE
Prästkulla,Original,GP,Stationary,6.7649990721974085,0.8703712476832965,NA,NA,0.1846351175692579,0.09849952167487151,NA,NA,1945-01-01,2024-11-30,79.91238877481177,NA,NA
Prästkulla,Original,Exponential,Stationary,8.314893617021276,0.7002403303460227,NA,NA,NA,NA,NA,NA,1945-01-01,2024-11-30,79.91238877481177,NA,NA
Prästkulla,Original,GP,Multiplicative,1.7819187465274084,0.20375052505702346,0.0033727062060552784,0.004045582446709239,0.171463188243758,0.09907851100947576,0.408201529160237,NA,1945-01-01,2024-11-30,79.91238877481177,FALSE,NA
Prästkulla,Original,Exponential,Multiplicative,1.9107720315567573,0.16531497392333233,0.004805423183464793,0.003410638691757676,NA,NA,0.1611803262015487,0.028046576399233865,1945-01-01,2024-11-30,79.91238877481177,FALSE,TRUE
Ramsjöholm,Original,GP,Stationary,8.629273601924293,1.1323113773950548,NA,NA,0.08939790689273702,0.09698795639877895,NA,NA,1951-11-16,2024-11-30,73.0403832991102,NA,NA
Ramsjöholm,Original,Exponential,Stationary,9.473228346456692,0.8406130558681058,NA,NA,NA,NA,NA,NA,1951-11-16,2024-11-30,73.0403832991102,NA,NA
Ramsjöholm,Original,GP,Multiplicative,1.9906032230275168,0.2240255775435413,0.004154017139326341,0.004524615394375567,0.07970616165239329,0.097471163243552,0.36230033816582313,NA,1951-11-16,2024-11-30,73.0403832991102,FALSE,NA
Ramsjöholm,Original,Exponential,Multiplicative,2.064311337393628,0.19545328879838508,0.004372835430503903,0.004228863870885629,NA,NA,0.3034387654379662,0.3819758577537834,1951-11-16,2024-11-30,73.0403832991102,FALSE,FALSE
Saittarova D,Original,GP,Stationary,8.555337229725248,1.0468796441119022,NA,NA,-0.09534489732194493,0.08431310319808187,NA,NA,1952-02-01,2024-11-30,72.82956878850102,NA,NA
Saittarova D,Original,Exponential,Stationary,7.8089365079367115,0.6956753222017735,NA,NA,NA,NA,NA,NA,1952-02-01,2024-11-30,72.82956878850102,NA,NA
Saittarova D,Original,GP,Multiplicative,2.198721104408165,0.2369866257506401,-0.001042003979385424,0.004067460808192846,-0.10411054435559945,0.09106921149250433,0.8004039109908017,NA,1952-02-01,2024-11-30,72.82956878850102,FALSE,NA
Saittarova D,Original,Exponential,Multiplicative,2.042475279557818,0.20161701804076176,3.0493357403592005e-4,0.004315466959050537,NA,NA,0.9437361685524212,0.2983301150542609,1952-02-01,2024-11-30,72.82956878850102,FALSE,FALSE
Sjögärde,Original,GP,Stationary,7.707746367671276,1.0814328257924704,NA,NA,0.17447710966413255,0.10573688359583089,NA,NA,1960-01-09,2024-11-30,64.89253935660507,NA,NA
Sjögärde,Original,Exponential,Stationary,9.347368421052632,0.8754612330077147,NA,NA,NA,NA,NA,NA,1960-01-09,2024-11-30,64.89253935660507,NA,NA
Sjögärde,Original,GP,Multiplicative,2.0712902330286997,0.25400424036546904,-7.67673593991284e-4,0.005596755949429385,0.17160393236731813,0.10775493792897406,0.8910591169569063,NA,1960-01-09,2024-11-30,64.89253935660507,FALSE,NA
Sjögärde,Original,Exponential,Multiplicative,2.353004335795231,0.18808236461755137,-0.0035153368279746493,0.004763795340355202,NA,NA,0.45929606634207704,0.055583260520278004,1960-01-09,2024-11-30,64.89253935660507,FALSE,FALSE
Säffle,Original,GP,Stationary,8.647428722575054,1.2041587727070295,NA,NA,0.13497552813675334,0.10826120484926287,NA,NA,1951-10-01,2024-11-30,73.16632443531827,NA,NA
Säffle,Original,Exponential,Stationary,9.973218749999797,0.8815163050496915,NA,NA,NA,NA,NA,NA,1951-10-01,2024-11-30,73.16632443531827,NA,NA
Säffle,Original,GP,Multiplicative,1.8452344962151663,0.21469234522692288,0.008917332530591217,0.00444998824649941,0.0730770608689553,0.11220540805568437,0.055161255246845266,NA,1951-10-01,2024-11-30,73.16632443531827,FALSE,NA
Säffle,Original,Exponential,Multiplicative,1.8994742463632897,0.1871231426260229,0.009429193344032374,0.004088249615003006,NA,NA,0.022915894671764303,0.4951607711266268,1951-10-01,2024-11-30,73.16632443531827,TRUE,FALSE
Sörbytorp,Original,GP,Stationary,8.72619250110374,1.1523363146312473,NA,NA,1.0109003906250006e-7,0.10363598071789877,NA,NA,1945-01-01,2024-11-30,79.91238877481177,NA,NA
Sörbytorp,Original,Exponential,Stationary,8.770923076922946,0.7334614080525461,NA,NA,NA,NA,NA,NA,1945-01-01,2024-11-30,79.91238877481177,NA,NA
Sörbytorp,Original,GP,Multiplicative,2.2169777544516793,0.1975660005323149,-7.485943716507852e-4,0.0034313114639746268,-0.015194652791010352,0.10231030724271345,0.7955161973198273,NA,1945-01-01,2024-11-30,79.91238877481177,FALSE,NA
Sörbytorp,Original,Exponential,Multiplicative,2.200326332262865,0.16476450258194394,-7.110382538202679e-4,0.003475334463220702,NA,NA,0.8379325422803839,0.8832096814753367,1945-01-01,2024-11-30,79.91238877481177,FALSE,FALSE
Traneberg,Original,GP,Stationary,6.877992169001384,1.0306807695775206,NA,NA,0.17178601877606403,0.12195671127100666,NA,NA,1951-02-11,2024-11-30,73.80150581793292,NA,NA
Traneberg,Original,Exponential,Stationary,8.24765625,0.7289966742318885,NA,NA,NA,NA,NA,NA,1951-02-11,2024-11-30,73.80150581793292,NA,NA
Traneberg,Original,GP,Multiplicative,1.5368692675896483,0.2609180890913362,0.009908039459627243,0.005156005100923949,0.14505694555663692,0.11670207977331198,0.05735208799707449,NA,1951-02-11,2024-11-30,73.80150581793292,FALSE,NA
Traneberg,Original,Exponential,Multiplicative,1.7175211133718251,0.20229970006596462,0.009220583607903707,0.004459837812083558,NA,NA,0.04066057535964362,0.164187946565682,1951-02-11,2024-11-30,73.80150581793292,TRUE,FALSE
Ungsberg,Original,GP,Stationary,8.267856504893581,1.1267635833299954,NA,NA,0.10271074740225841,0.1019578220876452,NA,NA,1956-01-31,2024-11-30,68.83230663928816,NA,NA
Ungsberg,Original,Exponential,Stationary,9.210169421487779,0.8372881000375726,NA,NA,NA,NA,NA,NA,1956-01-31,2024-11-30,68.83230663928816,NA,NA
Ungsberg,Original,GP,Multiplicative,2.0744842474661254,0.26002942495620684,9.66481590489602e-4,0.005646266540360126,0.10476796754044865,0.10234928555895145,0.8639994761360162,NA,1956-01-31,2024-11-30,68.83230663928816,FALSE,NA
Ungsberg,Original,Exponential,Multiplicative,2.224660983001264,0.20708314212204065,-1.1785994465223247e-4,0.005033481460196387,NA,NA,0.981329433323038,0.2555589572013639,1956-01-31,2024-11-30,68.83230663928816,FALSE,FALSE
Uppsala,Original,GP,Stationary,6.96932219594321,0.5596495348650139,NA,NA,0.11039435737928652,0.05885545695961016,NA,NA,1836-01-01,2024-11-30,188.91170431211498,NA,NA
Uppsala,Original,Exponential,Stationary,7.840181268882176,0.43093531698968307,NA,NA,NA,NA,NA,NA,1836-01-01,2024-11-30,188.91170431211498,NA,NA
Uppsala,Original,GP,Multiplicative,1.6521395897083815,0.12464184254618163,0.0032570479736051174,0.001038268310846716,0.08823481309963643,0.05892320077597553,0.0018900474773603615,NA,1836-01-01,2024-11-30,188.91170431211498,TRUE,NA
Uppsala,Original,Exponential,Multiplicative,1.7447327241989254,0.1025624690085066,0.0032559543925135756,9.468925398844431e-4,NA,NA,6.197044135224277e-4,0.09408908118706204,1836-01-01,2024-11-30,188.91170431211498,TRUE,FALSE
Ytterberg D,Original,GP,Stationary,7.048251740725166,0.9479453392095751,NA,NA,0.060285819640679826,0.09993694388335504,NA,NA,1953-10-31,2024-11-30,71.08281998631075,NA,NA
Ytterberg D,Original,Exponential,Stationary,7.499186991869919,0.6761788836996686,NA,NA,NA,NA,NA,NA,1953-10-31,2024-11-30,71.08281998631075,NA,NA
Ytterberg D,Original,GP,Multiplicative,2.0104799930668835,0.2298590564298647,-0.001438830800225534,0.004664385352123772,0.0574445122342551,0.10082702134560417,0.7581473693024139,NA,1953-10-31,2024-11-30,71.08281998631075,FALSE,NA
Ytterberg D,Original,Exponential,Multiplicative,2.076432087888152,0.1934711693488941,-0.0016397503873115534,0.004461646295220491,NA,NA,0.7026600069108816,0.5436021612805594,1953-10-31,2024-11-30,71.08281998631075,FALSE,FALSE
Åby,Original,GP,Stationary,5.664675000331935,0.8423475301055277,NA,NA,0.36419950419499064,0.1265065580519555,NA,NA,1945-02-28,2024-11-30,79.75359342915812,NA,NA
Åby,Original,Exponential,Stationary,8.567605633802817,0.7189774646277882,NA,NA,NA,NA,NA,NA,1945-02-28,2024-11-30,79.75359342915812,NA,NA
Åby,Original,GP,Multiplicative,1.8830949458146833,0.22750118973825736,-0.0036565314192640937,0.004384317536651254,0.3619975323733438,0.12450541933119821,0.4041826290811349,NA,1945-02-28,2024-11-30,79.75359342915812,FALSE,NA
Åby,Original,Exponential,Multiplicative,2.227347874434839,0.15113994315113993,-0.001982144672762701,0.0030809367071430115,NA,NA,0.51942142577126,1.5178254559665408e-4,1945-02-28,2024-11-30,79.75359342915812,FALSE,TRUE
Åkroken D,Original,GP,Stationary,8.88094757287408,1.2576876201899823,NA,NA,0.020713065969218084,0.10762895726889249,NA,NA,1955-12-16,2024-11-30,68.95824777549623,NA,NA
Åkroken D,Original,Exponential,Stationary,9.068271186440867,0.8348019923162537,NA,NA,NA,NA,NA,NA,1955-12-16,2024-11-30,68.95824777549623,NA,NA
Åkroken D,Original,GP,Multiplicative,2.1174256832625726,0.21591722654688225,0.00200213230130018,0.004896667440948119,0.013906351626477343,0.10815726934514289,0.684085765968115,NA,1955-12-16,2024-11-30,68.95824777549623,FALSE,NA
Åkroken D,Original,Exponential,Multiplicative,2.1284528778282388,0.19724271826665363,0.002083513310179964,0.004809712425701237,NA,NA,0.6654420400265857,0.8964569089061359,1955-12-16,2024-11-30,68.95824777549623,FALSE,FALSE
Åtorp,Original,GP,Stationary,6.710453947186505,0.88352368651227,NA,NA,0.02486431661829375,0.09214658773111822,NA,NA,1961-01-01,2024-11-30,63.912388774811774,NA,NA
Åtorp,Original,Exponential,Stationary,6.881734513274454,0.6473790879170657,NA,NA,NA,NA,NA,NA,1961-01-01,2024-11-30,63.912388774811774,NA,NA
Åtorp,Original,GP,Multiplicative,1.8256829088030253,0.20210593417071313,0.0027806079220122977,0.005387186961067643,0.015726722327086176,0.09527056415293811,0.6075368327860402,NA,1961-01-01,2024-11-30,63.912388774811774,FALSE,NA
Åtorp,Original,Exponential,Multiplicative,1.837152193639459,0.1873339572795898,0.0029220354999834304,0.005238464686016018,NA,NA,0.5761214441223192,0.8670308512892797,1961-01-01,2024-11-30,63.912388774811774,FALSE,FALSE
Örnsköldsvik,Original,GP,Stationary,8.30910492016174,1.1421693679648424,NA,NA,-0.0107234638230935,0.09681000916570684,NA,NA,1963-10-01,2024-11-30,61.16632443531827,NA,NA
Örnsköldsvik,Original,Exponential,Stationary,8.220952380952381,0.8022827711192079,NA,NA,NA,NA,NA,NA,1963-10-01,2024-11-30,61.16632443531827,NA,NA
Örnsköldsvik,Original,GP,Multiplicative,1.8859520443457405,0.20724600072188296,0.007722914281448651,0.005222660179901952,-0.04989755533704648,0.09889880197808822,0.15236240946986088,NA,1963-10-01,2024-11-30,61.16632443531827,FALSE,NA
Örnsköldsvik,Original,Exponential,Multiplicative,1.853036127078166,0.20413983013609344,0.007252665674062173,0.005307300600193445,NA,NA,0.17622409282263954,0.6306162669692863,1963-10-01,2024-11-30,61.16632443531827,FALSE,FALSE
Avasjö-Borgafjäll D,Aligned,GP,Stationary,8.133904856378416,1.205076457127893,NA,NA,-0.07605451397618182,0.11171704995910764,NA,NA,1963-10-01,2024-09-30,60.99931553730322,NA,NA
Avasjö-Borgafjäll D,Aligned,Exponential,Stationary,7.553333333333334,0.7371298182513935,NA,NA,NA,NA,NA,NA,1963-10-01,2024-09-30,60.99931553730322,NA,NA
Avasjö-Borgafjäll D,Aligned,GP,Multiplicative,2.103407551804435,0.22824370951857587,-2.180449657835461e-4,0.005173078061182919,-0.07620942605516526,0.1117957191180262,0.9664331598978412,NA,1963-10-01,2024-09-30,60.99931553730322,FALSE,NA
Avasjö-Borgafjäll D,Aligned,Exponential,Multiplicative,2.0269462513829675,0.211345235091769,-1.4975165179247386e-4,0.005658126338881644,NA,NA,0.9789047443176481,0.516139935164857,1963-10-01,2024-09-30,60.99931553730322,FALSE,FALSE
Borås,Aligned,GP,Stationary,6.908858869057633,0.9343012628369466,NA,NA,3.399720312500002e-8,0.09685243536506821,NA,NA,1963-10-01,2024-09-30,60.99931553730322,NA,NA
Borås,Aligned,Exponential,Stationary,6.880180180180181,0.6530377597154348,NA,NA,NA,NA,NA,NA,1963-10-01,2024-09-30,60.99931553730322,NA,NA
Borås,Aligned,GP,Multiplicative,2.1368801337668084,0.23406951768923245,-0.005898286976077827,0.005458363044495305,-0.031938198772055955,0.10005153910893677,0.29158222584244425,NA,1963-10-01,2024-09-30,60.99931553730322,FALSE,NA
Borås,Aligned,Exponential,Multiplicative,2.0939523113486262,0.1934003151985259,-0.005526640874257422,0.005480397642695447,NA,NA,0.3138584889023017,0.7566656778052377,1963-10-01,2024-09-30,60.99931553730322,FALSE,FALSE
Finnbacka D,Aligned,GP,Stationary,7.7022645343170675,1.0632972642027285,NA,NA,0.061995849621487846,0.0978277839762035,NA,NA,1963-10-01,2024-09-30,60.99931553730322,NA,NA
Finnbacka D,Aligned,Exponential,Stationary,8.213333333334061,0.8015392278893644,NA,NA,NA,NA,NA,NA,1963-10-01,2024-09-30,60.99931553730322,NA,NA
Finnbacka D,Aligned,GP,Multiplicative,2.2207462298498886,0.21739100508811587,-0.006988657963611795,0.006576596317921157,0.07701575423127757,0.0983194463390457,0.2853170968817047,NA,1963-10-01,2024-09-30,60.99931553730322,FALSE,NA
Finnbacka D,Aligned,Exponential,Multiplicative,2.2656257358956364,0.2010459685907401,-0.005738828405693176,0.006149971940131001,NA,NA,0.3528630879565927,0.3862483916151588,1963-10-01,2024-09-30,60.99931553730322,FALSE,FALSE
Gendalen,Aligned,GP,Stationary,9.826842924217328,1.5680799414712043,NA,NA,-0.14248521332145797,0.12771318393050365,NA,NA,1963-10-01,2024-09-30,60.99931553730322,NA,NA
Gendalen,Aligned,Exponential,Stationary,8.5607476635514,0.8275986810617646,NA,NA,NA,NA,NA,NA,1963-10-01,2024-09-30,60.99931553730322,NA,NA
Gendalen,Aligned,GP,Multiplicative,2.372067101376679,0.21408787289737435,-0.002648351146115289,0.004577330237933695,-0.14259892439883257,0.1278792642099924,0.5612072745121613,NA,1963-10-01,2024-09-30,60.99931553730322,FALSE,NA
Gendalen,Aligned,Exponential,Multiplicative,2.2463096337187696,0.19980280208997608,-0.002997796293206108,0.005204823938162681,NA,NA,0.5640927950322153,0.2960603315851756,1963-10-01,2024-09-30,60.99931553730322,FALSE,FALSE
Grönliden,Aligned,GP,Stationary,6.186470426952295,0.9479701174315505,NA,NA,0.17940606564043438,0.12014509863996034,NA,NA,1963-10-01,2024-09-30,60.99931553730322,NA,NA
Grönliden,Aligned,Exponential,Stationary,7.515887850467288,0.7265882649911237,NA,NA,NA,NA,NA,NA,1963-10-01,2024-09-30,60.99931553730322,NA,NA
Grönliden,Aligned,GP,Multiplicative,2.250956337668155,0.2706834334303118,-0.012356894855116913,0.006665227939264447,0.1634985572709511,0.1264906976667927,0.0625683726035188,NA,1963-10-01,2024-09-30,60.99931553730322,FALSE,NA
Grönliden,Aligned,Exponential,Multiplicative,2.414586370383697,0.220558128991198,-0.01206568429785511,0.005709870847743299,NA,NA,0.03319746272319802,0.13857425488314185,1963-10-01,2024-09-30,60.99931553730322,TRUE,FALSE
Hallstaberg,Aligned,GP,Stationary,7.2427184009235,0.9623483908849243,NA,NA,0.18505946521416244,0.09377835983409138,NA,NA,1963-10-01,2024-09-30,60.99931553730322,NA,NA
Hallstaberg,Aligned,Exponential,Stationary,9.0348623853211,0.8653828389467403,NA,NA,NA,NA,NA,NA,1963-10-01,2024-09-30,60.99931553730322,NA,NA
Hallstaberg,Aligned,GP,Multiplicative,2.1351429182697905,0.23580318920754878,-0.004908454619384793,0.006155806879595659,0.18246488045901743,0.09304711654369639,0.4251544261470347,NA,1963-10-01,2024-09-30,60.99931553730322,FALSE,NA
Hallstaberg,Aligned,Exponential,Multiplicative,2.350828955684428,0.2062830386985817,-0.004829052521343703,0.005766271581739655,NA,NA,0.4022578177551439,0.005253670842148306,1963-10-01,2024-09-30,60.99931553730322,FALSE,TRUE
Hanö A,Aligned,GP,Stationary,6.718114413772733,1.0011684540873194,NA,NA,0.17887574625931707,0.1143509692839571,NA,NA,1963-10-01,2024-09-30,60.99931553730322,NA,NA
Hanö A,Aligned,Exponential,Stationary,8.171132075471842,0.793650471325769,NA,NA,NA,NA,NA,NA,1963-10-01,2024-09-30,60.99931553730322,NA,NA
Hanö A,Aligned,GP,Multiplicative,1.8132571582784158,0.2520397197509698,0.0031124205434299684,0.006905225992393236,0.16790736006302887,0.11560015765965213,0.6541917230937857,NA,1963-10-01,2024-09-30,60.99931553730322,FALSE,NA
Hanö A,Aligned,Exponential,Multiplicative,1.9158542614479124,0.2211556025508774,0.005542899363541878,0.0060863389236630394,NA,NA,0.3655982795934739,0.0848243975428644,1963-10-01,2024-09-30,60.99931553730322,FALSE,FALSE
Heden,Aligned,GP,Stationary,8.173240199092616,1.2387427165464806,NA,NA,2.9256941406250015e-7,0.12295904556921593,NA,NA,1963-10-01,2024-09-30,60.99931553730322,NA,NA
Heden,Aligned,Exponential,Stationary,8.360550458715597,0.8007954639633501,NA,NA,NA,NA,NA,NA,1963-10-01,2024-09-30,60.99931553730322,NA,NA
Heden,Aligned,GP,Multiplicative,1.8772042176654584,0.2508345771240026,0.008718211133752096,0.005606992396849113,-0.0499716833578718,0.1202489524532683,0.1075843798809438,NA,1963-10-01,2024-09-30,60.99931553730322,FALSE,NA
Heden,Aligned,Exponential,Multiplicative,1.8184232776722367,0.21235486112764765,0.009013464150101782,0.005804000623378566,NA,NA,0.12386203209040127,0.6844408106870926,1963-10-01,2024-09-30,60.99931553730322,FALSE,FALSE
Hyltan,Aligned,GP,Stationary,4.854463952688696,0.8478618810280014,NA,NA,0.39341280998654377,0.15059343387060709,NA,NA,1963-10-01,2024-09-30,60.99931553730322,NA,NA
Hyltan,Aligned,Exponential,Stationary,7.575,0.7289046782119479,NA,NA,NA,NA,NA,NA,1963-10-01,2024-09-30,60.99931553730322,NA,NA
Hyltan,Aligned,GP,Multiplicative,1.2271468058296198,0.28971242012409326,0.011781306049312285,0.007436893821403275,0.3465470557662417,0.14932134386127452,0.12025609012656484,NA,1963-10-01,2024-09-30,60.99931553730322,FALSE,NA
Hyltan,Aligned,Exponential,Multiplicative,1.5790884402878114,0.21200959850976248,0.012830484297623668,0.005727896891238196,NA,NA,0.026710483653415273,0.0032929606501017903,1963-10-01,2024-09-30,60.99931553730322,TRUE,TRUE
Härnösand,Aligned,GP,Stationary,12.343489674643239,1.6480004578424128,NA,NA,-0.12864536997530432,0.09197076873678096,NA,NA,1963-10-01,2024-09-30,60.99931553730322,NA,NA
Härnösand,Aligned,Exponential,Stationary,10.93238095238139,1.0668911091542055,NA,NA,NA,NA,NA,NA,1963-10-01,2024-09-30,60.99931553730322,NA,NA
Härnösand,Aligned,GP,Multiplicative,2.383282163443011,0.21289163613506387,0.004006032970031999,0.005151863838212944,-0.13332139867654647,0.08935851966968826,0.4376486876215022,NA,1963-10-01,2024-09-30,60.99931553730322,FALSE,NA
Härnösand,Aligned,Exponential,Multiplicative,2.267275614268646,0.20968449909963216,0.0037239699149874696,0.005645691985186922,NA,NA,0.5099508662815005,0.19347215968242676,1963-10-01,2024-09-30,60.99931553730322,FALSE,FALSE
Håvelund,Aligned,GP,Stationary,7.382715502527489,0.9294864797975035,NA,NA,-0.033521469819899265,0.08125088490101834,NA,NA,1963-10-01,2024-09-30,60.99931553730322,NA,NA
Håvelund,Aligned,Exponential,Stationary,7.144444444444444,0.6874744452345778,NA,NA,NA,NA,NA,NA,1963-10-01,2024-09-30,60.99931553730322,NA,NA
Håvelund,Aligned,GP,Multiplicative,1.8734547561336814,0.22555006926859344,0.004100347510583136,0.0061651489845147515,-0.05333740154901122,0.08703822476512875,0.5134343663863681,NA,1963-10-01,2024-09-30,60.99931553730322,FALSE,NA
Håvelund,Aligned,Exponential,Multiplicative,1.8584568321297217,0.23522011324240918,0.003049495731046872,0.0061299712258047106,NA,NA,0.6203595497011053,0.5620241600492081,1963-10-01,2024-09-30,60.99931553730322,FALSE,FALSE
Höglekardalen,Aligned,GP,Stationary,15.856003274842891,2.37844951152576,NA,NA,-0.06644932361563227,0.11243568138221526,NA,NA,1963-10-01,2024-09-30,60.99931553730322,NA,NA
Höglekardalen,Aligned,Exponential,Stationary,14.85940594059406,1.478566124765113,NA,NA,NA,NA,NA,NA,1963-10-01,2024-09-30,60.99931553730322,NA,NA
Höglekardalen,Aligned,GP,Multiplicative,2.876160167668033,0.2142992886230624,-0.0040707158254555745,0.005676000772991285,-0.05678054198078524,0.11318525626528134,0.4684881229747151,NA,1963-10-01,2024-09-30,60.99931553730322,FALSE,NA
Höglekardalen,Aligned,Exponential,Multiplicative,2.8349512079753456,0.20451796717670612,-0.004541026200558833,0.005821436881267103,NA,NA,0.43509256725764006,0.6316368871234485,1963-10-01,2024-09-30,60.99931553730322,FALSE,FALSE
Höljes,Aligned,GP,Stationary,5.681912893902954,0.9581350078917257,NA,NA,0.32164183286991055,0.14105655504447256,NA,NA,1963-10-01,2024-09-30,60.99931553730322,NA,NA
Höljes,Aligned,Exponential,Stationary,8.18,0.7982862240199533,NA,NA,NA,NA,NA,NA,1963-10-01,2024-09-30,60.99931553730322,NA,NA
Höljes,Aligned,GP,Multiplicative,1.736037714656768,0.29835144866435104,3.7010139621637656e-5,0.007268073592369497,0.3216927481925024,0.1414196206528124,0.9959218283206765,NA,1963-10-01,2024-09-30,60.99931553730322,FALSE,NA
Höljes,Aligned,Exponential,Multiplicative,2.19664401699245,0.21675372868185605,-0.0029618978535701735,0.005961635755987784,NA,NA,0.6193508680122837,0.003124439625037587,1963-10-01,2024-09-30,60.99931553730322,FALSE,TRUE
Jäckvik,Aligned,GP,Stationary,6.334433901047368,1.0121089593808026,NA,NA,0.16449347777572082,0.12853132671886439,NA,NA,1963-10-01,2024-09-30,60.99931553730322,NA,NA
Jäckvik,Aligned,Exponential,Stationary,7.540925925926073,0.7256258999257611,NA,NA,NA,NA,NA,NA,1963-10-01,2024-09-30,60.99931553730322,NA,NA
Jäckvik,Aligned,GP,Multiplicative,1.827118906279103,0.27501036471127055,5.73188297483101e-4,0.006779398588256509,0.16446096059367585,0.1286245748569819,0.9326267657089481,NA,1963-10-01,2024-09-30,60.99931553730322,FALSE,NA
Jäckvik,Aligned,Exponential,Multiplicative,1.9972378898940595,0.2108553064919226,6.993803742708711e-4,0.005693851470230443,NA,NA,0.9023061428305632,0.14539501088419837,1963-10-01,2024-09-30,60.99931553730322,FALSE,FALSE
Kilagården,Aligned,GP,Stationary,8.95696681340654,1.3825065124771163,NA,NA,0.029075065942549938,0.11999229995176759,NA,NA,1963-10-01,2024-09-30,60.99931553730322,NA,NA
Kilagården,Aligned,Exponential,Stationary,9.22452830188679,0.8959653579418656,NA,NA,NA,NA,NA,NA,1963-10-01,2024-09-30,60.99931553730322,NA,NA
Kilagården,Aligned,GP,Multiplicative,2.258322787398046,0.2267661410108521,-0.002116996629122406,0.005531168073961616,0.033782209663838096,0.1175978379504079,0.7000427532702718,NA,1963-10-01,2024-09-30,60.99931553730322,FALSE,NA
Kilagården,Aligned,Exponential,Multiplicative,2.2833411301841324,0.20218283089526773,-0.0018442695892930143,0.005268334267000047,NA,NA,0.7262388309121114,0.7674366895218664,1963-10-01,2024-09-30,60.99931553730322,FALSE,FALSE
Klippan,Aligned,GP,Stationary,7.936636160447432,1.2544021987721368,NA,NA,0.24182542588019185,0.12620290615635435,NA,NA,1963-10-01,2024-09-30,60.99931553730322,NA,NA
Klippan,Aligned,Exponential,Stationary,10.379807692307692,1.0178238611203094,NA,NA,NA,NA,NA,NA,1963-10-01,2024-09-30,60.99931553730322,NA,NA
Klippan,Aligned,GP,Multiplicative,1.9466830559771249,0.2802661621905623,0.0037975470473027477,0.006981735958104099,0.2396895823859708,0.1259718985847111,0.5872560477448819,NA,1963-10-01,2024-09-30,60.99931553730322,FALSE,NA
Klippan,Aligned,Exponential,Multiplicative,2.2094283236296812,0.21508758254382598,0.003881321251136395,0.005789651978271157,NA,NA,0.5047964599008653,0.02046663948000311,1963-10-01,2024-09-30,60.99931553730322,FALSE,TRUE
Kristinehamn,Aligned,GP,Stationary,8.147305037727198,1.2001303715088676,NA,NA,0.045164766044142074,0.11122626722229802,NA,NA,1963-10-01,2024-09-30,60.99931553730322,NA,NA
Kristinehamn,Aligned,Exponential,Stationary,8.530841121495326,0.8247075079481283,NA,NA,NA,NA,NA,NA,1963-10-01,2024-09-30,60.99931553730322,NA,NA
Kristinehamn,Aligned,GP,Multiplicative,2.575387897688548,0.27024735910443526,-0.013359455441401422,0.006435943051569336,-0.014152430988497746,0.11791461450691593,0.042756345474389744,NA,1963-10-01,2024-09-30,60.99931553730322,TRUE,NA
Kristinehamn,Aligned,Exponential,Multiplicative,2.5587264574601405,0.23298033398258378,-0.013277997037389334,0.006468668019834323,NA,NA,0.038794489947669625,0.9061295828333426,1963-10-01,2024-09-30,60.99931553730322,TRUE,FALSE
Ljusnedal,Aligned,GP,Stationary,6.2117957314613514,0.9202731186926761,NA,NA,2.341959375000001e-8,0.11612634688165135,NA,NA,1963-10-01,2024-09-30,60.99931553730322,NA,NA
Ljusnedal,Aligned,Exponential,Stationary,6.30648148148148,0.6068414194704204,NA,NA,NA,NA,NA,NA,1963-10-01,2024-09-30,60.99931553730322,NA,NA
Ljusnedal,Aligned,GP,Multiplicative,1.855963259828982,0.21510911001434152,4.461678340287889e-4,0.005228884910304745,-0.028891395765383004,0.11193125887309675,0.7613909541777983,NA,1963-10-01,2024-09-30,60.99931553730322,FALSE,NA
Ljusnedal,Aligned,Exponential,Multiplicative,1.8264621191577886,0.19495053974347257,4.401370193485511e-4,0.005334081852498211,NA,NA,0.9538986193353506,0.8002472618120864,1963-10-01,2024-09-30,60.99931553730322,FALSE,FALSE
Lund,Aligned,GP,Stationary,8.301711766193625,1.2865594203786639,NA,NA,1.738160937500001e-7,0.12195794654265055,NA,NA,1963-10-01,2024-09-30,60.99931553730322,NA,NA
Lund,Aligned,Exponential,Stationary,8.242752293578127,0.7895124488572076,NA,NA,NA,NA,NA,NA,1963-10-01,2024-09-30,60.99931553730322,NA,NA
Lund,Aligned,GP,Multiplicative,1.859193170444032,0.2552297030429465,0.007218368879965186,0.00555124195999951,-0.011025438775369873,0.12199896532805984,0.19418477436284165,NA,1963-10-01,2024-09-30,60.99931553730322,FALSE,NA
Lund,Aligned,Exponential,Multiplicative,1.8440508560847624,0.2195658240102673,0.0073185596771580845,0.005610602486106557,NA,NA,0.19642031237341046,0.9154849384783349,1963-10-01,2024-09-30,60.99931553730322,FALSE,FALSE
Mariestad,Aligned,GP,Stationary,11.507837535883159,1.5183683271670931,NA,NA,-0.2532046309397024,0.09434046896779055,NA,NA,1963-10-01,2024-09-30,60.99931553730322,NA,NA
Mariestad,Aligned,Exponential,Stationary,9.141818181818326,0.8716381343692421,NA,NA,NA,NA,NA,NA,1963-10-01,2024-09-30,60.99931553730322,NA,NA
Mariestad,Aligned,GP,Multiplicative,2.219114716828984,0.19968575422265664,0.006858208426240254,0.004210936612315895,-0.2731641232964496,0.09296079068478785,0.1124859074723198,NA,1963-10-01,2024-09-30,60.99931553730322,FALSE,NA
Mariestad,Aligned,Exponential,Multiplicative,1.9556862859939057,0.21786729096422347,0.007372530953196826,0.005778286531475051,NA,NA,0.204769397622618,0.0144815015365037,1963-10-01,2024-09-30,60.99931553730322,FALSE,TRUE
Mångsbodarna,Aligned,GP,Stationary,6.97688480065846,0.9790371620330618,NA,NA,0.06379033586629465,0.10232038841583466,NA,NA,1963-10-01,2024-09-30,60.99931553730322,NA,NA
Mångsbodarna,Aligned,Exponential,Stationary,7.451851851851852,0.7170547382461672,NA,NA,NA,NA,NA,NA,1963-10-01,2024-09-30,60.99931553730322,NA,NA
Mångsbodarna,Aligned,GP,Multiplicative,2.216829350845376,0.24989691823767812,-0.0074385572961986925,0.005810030302729858,0.040079865030764376,0.09793745410998342,0.20566174905036766,NA,1963-10-01,2024-09-30,60.99931553730322,FALSE,NA
Mångsbodarna,Aligned,Exponential,Multiplicative,2.263842303131122,0.21671466589900357,-0.007613862302956761,0.005598126305924707,NA,NA,0.17216916894865245,0.6672974991778741,1963-10-01,2024-09-30,60.99931553730322,FALSE,FALSE
Ockelbo,Aligned,GP,Stationary,8.02513670808583,1.2689190589667727,NA,NA,0.23646219011792854,0.12813462310514753,NA,NA,1963-10-01,2024-09-30,60.99931553730322,NA,NA
Ockelbo,Aligned,Exponential,Stationary,10.41000000000015,0.9925545221555272,NA,NA,NA,NA,NA,NA,1963-10-01,2024-09-30,60.99931553730322,NA,NA
Ockelbo,Aligned,GP,Multiplicative,2.4274277697558175,0.2417153006643279,-0.011535080683536267,0.006559099294276743,0.23915557684205827,0.1205177382144026,0.07556483396667456,NA,1963-10-01,2024-09-30,60.99931553730322,FALSE,NA
Ockelbo,Aligned,Exponential,Multiplicative,2.555123367682122,0.18929932930276996,-0.0070097886207744564,0.005207597631670084,NA,NA,0.18231638300539105,0.010204360042491879,1963-10-01,2024-09-30,60.99931553730322,FALSE,TRUE
Oxelösund,Aligned,GP,Stationary,7.7439250117756115,1.0790795778766507,NA,NA,0.05747345962633047,0.09869102446769525,NA,NA,1963-10-01,2024-09-30,60.99931553730322,NA,NA
Oxelösund,Aligned,Exponential,Stationary,8.217475728155339,0.8096919071947991,NA,NA,NA,NA,NA,NA,1963-10-01,2024-09-30,60.99931553730322,NA,NA
Oxelösund,Aligned,GP,Multiplicative,1.9775894007366122,0.26715525240734217,0.001987770161426511,0.006578014830780192,0.06331562480532914,0.0991693243096381,0.7622150790954192,NA,1963-10-01,2024-09-30,60.99931553730322,FALSE,NA
Oxelösund,Aligned,Exponential,Multiplicative,2.079660459857131,0.21891592915348113,8.361009503371093e-4,0.006162905222640026,NA,NA,0.8921697219087442,0.49745712309670237,1963-10-01,2024-09-30,60.99931553730322,FALSE,FALSE
Prästkulla,Aligned,GP,Stationary,6.743729438815186,0.9927682319080602,NA,NA,0.21033850092877607,0.11394234947187606,NA,NA,1963-10-01,2024-09-30,60.99931553730322,NA,NA
Prästkulla,Aligned,Exponential,Stationary,8.56090909090909,0.8162506181643535,NA,NA,NA,NA,NA,NA,1963-10-01,2024-09-30,60.99931553730322,NA,NA
Prästkulla,Aligned,GP,Multiplicative,1.7051208630537362,0.23483173441926636,0.00690726184014629,0.006143551798401925,0.18708786964322296,0.11383407830213585,0.26667845382750427,NA,1963-10-01,2024-09-30,60.99931553730322,FALSE,NA
Prästkulla,Aligned,Exponential,Multiplicative,1.8379030150907025,0.19548505753220427,0.00924008248245263,0.005328785893548247,NA,NA,0.08501667045766659,0.03422622279077303,1963-10-01,2024-09-30,60.99931553730322,FALSE,TRUE
Ramsjöholm,Aligned,GP,Stationary,8.482173313965939,1.2638615213836875,NA,NA,0.11937873242236614,0.11238757864294548,NA,NA,1963-10-01,2024-09-30,60.99931553730322,NA,NA
Ramsjöholm,Aligned,Exponential,Stationary,9.62135922330097,0.9480206670400446,NA,NA,NA,NA,NA,NA,1963-10-01,2024-09-30,60.99931553730322,NA,NA
Ramsjöholm,Aligned,GP,Multiplicative,2.029424278976783,0.2599237643324519,0.0031996236240515196,0.0062339769911507435,0.11516534189339898,0.11229401809960532,0.6090733162078011,NA,1963-10-01,2024-09-30,60.99931553730322,FALSE,NA
Ramsjöholm,Aligned,Exponential,Multiplicative,2.1420936873080736,0.22143903364742254,0.0034474303551014817,0.005689451884991169,NA,NA,0.5458787856547461,0.26078130399995997,1963-10-01,2024-09-30,60.99931553730322,FALSE,FALSE
Saittarova D,Aligned,GP,Stationary,8.686602595883961,1.1354761392921287,NA,NA,-0.1058132707254833,0.08807913410470548,NA,NA,1963-10-01,2024-09-30,60.99931553730322,NA,NA
Saittarova D,Aligned,Exponential,Stationary,7.85509433962279,0.7629541735739119,NA,NA,NA,NA,NA,NA,1963-10-01,2024-09-30,60.99931553730322,NA,NA
Saittarova D,Aligned,GP,Multiplicative,2.289733255989269,0.2725470599627935,-0.0028629818153244673,0.005352592868167229,-0.133038991374195,0.10318213156876627,0.6063867972037769,NA,1963-10-01,2024-09-30,60.99931553730322,FALSE,NA
Saittarova D,Aligned,Exponential,Multiplicative,2.069940059846361,0.23227580220290764,-2.466165117605891e-4,0.005920502546062258,NA,NA,0.9667844006987661,0.24270534275743025,1963-10-01,2024-09-30,60.99931553730322,FALSE,FALSE
Sjögärde,Aligned,GP,Stationary,7.155910474730529,1.0720275637503613,NA,NA,0.15128569967344685,0.11644654572060471,NA,NA,1963-10-01,2024-09-30,60.99931553730322,NA,NA
Sjögärde,Aligned,Exponential,Stationary,8.413636363636657,0.8022087183638716,NA,NA,NA,NA,NA,NA,1963-10-01,2024-09-30,60.99931553730322,NA,NA
Sjögärde,Aligned,GP,Multiplicative,1.7972393054314213,0.27617553699045544,0.004837923441275387,0.006524239888270808,0.15702142151760012,0.11739333013196886,0.4576693530009129,NA,1963-10-01,2024-09-30,60.99931553730322,FALSE,NA
Sjögärde,Aligned,Exponential,Multiplicative,2.001548382308639,0.22083362973251314,0.003766591721800935,0.005929933837581852,NA,NA,0.5266462839752273,0.11465633309789461,1963-10-01,2024-09-30,60.99931553730322,FALSE,FALSE
Säffle,Aligned,GP,Stationary,9.245945765986082,1.4419655464343233,NA,NA,0.13366242449696178,0.1223455591802736,NA,NA,1963-10-01,2024-09-30,60.99931553730322,NA,NA
Säffle,Aligned,Exponential,Stationary,10.642857142857144,1.0386364774439356,NA,NA,NA,NA,NA,NA,1963-10-01,2024-09-30,60.99931553730322,NA,NA
Säffle,Aligned,GP,Multiplicative,1.9855206823951064,0.2524306196948989,0.007696607711958111,0.006149385796986562,0.09943800067323995,0.12597430732759657,0.22360442950879017,NA,1963-10-01,2024-09-30,60.99931553730322,FALSE,NA
Säffle,Aligned,Exponential,Multiplicative,2.0636093232760118,0.21443560306679244,0.008412062223327962,0.005526440644313525,NA,NA,0.13320167735916105,0.4011489189984166,1963-10-01,2024-09-30,60.99931553730322,FALSE,FALSE
Sörbytorp,Aligned,GP,Stationary,8.639559717926755,1.3382430309875233,NA,NA,0.016907189498921716,0.12174312346673165,NA,NA,1963-10-01,2024-09-30,60.99931553730322,NA,NA
Sörbytorp,Aligned,Exponential,Stationary,8.787522935780396,0.8416920097492994,NA,NA,NA,NA,NA,NA,1963-10-01,2024-09-30,60.99931553730322,NA,NA
Sörbytorp,Aligned,GP,Multiplicative,2.232860369027845,0.27302298643549816,-0.001979071711847557,0.005922664464329578,0.005690981662679259,0.1255368993086764,0.7415294230532392,NA,1963-10-01,2024-09-30,60.99931553730322,FALSE,NA
Sörbytorp,Aligned,Exponential,Multiplicative,2.240551071573868,0.21354059467119918,-0.002038944258719737,0.005737837781128015,NA,NA,0.7221432719784071,0.9637514291293149,1963-10-01,2024-09-30,60.99931553730322,FALSE,FALSE
Traneberg,Aligned,GP,Stationary,6.967747803747645,1.172329908262875,NA,NA,0.1780339996325026,0.1393720365415191,NA,NA,1963-10-01,2024-09-30,60.99931553730322,NA,NA
Traneberg,Aligned,Exponential,Stationary,8.405137614679044,0.8050661401601641,NA,NA,NA,NA,NA,NA,1963-10-01,2024-09-30,60.99931553730322,NA,NA
Traneberg,Aligned,GP,Multiplicative,1.5319980314277046,0.2765785316843405,0.013278420011460458,0.006589085489601503,0.14683163669438623,0.13498001361550901,0.04559335706364144,NA,1963-10-01,2024-09-30,60.99931553730322,TRUE,NA
Traneberg,Aligned,Exponential,Multiplicative,1.7160134748355316,0.20494151226192645,0.012325889449372482,0.005699045849814047,NA,NA,0.03201603322095541,0.22476674159059465,1963-10-01,2024-09-30,60.99931553730322,TRUE,FALSE
Ungsberg,Aligned,GP,Stationary,9.127892603772231,1.306295103582426,NA,NA,0.009586176326979176,0.10467698736571694,NA,NA,1963-10-01,2024-09-30,60.99931553730322,NA,NA
Ungsberg,Aligned,Exponential,Stationary,9.216190476190476,0.8994080597371368,NA,NA,NA,NA,NA,NA,1963-10-01,2024-09-30,60.99931553730322,NA,NA
Ungsberg,Aligned,GP,Multiplicative,2.2556612670723175,0.23327644070388873,-0.0015187805611127625,0.006347473679086741,0.014002892845011097,0.10646804565908484,0.8099471334192735,NA,1963-10-01,2024-09-30,60.99931553730322,FALSE,NA
Ungsberg,Aligned,Exponential,Multiplicative,2.2644923796190133,0.22147223996172305,-0.0013559127265269785,0.006158162369058689,NA,NA,0.8255639520899867,0.8937898656073322,1963-10-01,2024-09-30,60.99931553730322,FALSE,FALSE
Uppsala,Aligned,GP,Stationary,8.381987433617715,1.1631613327673886,NA,NA,0.13873238400665103,0.09957796355322786,NA,NA,1963-10-01,2024-09-30,60.99931553730322,NA,NA
Uppsala,Aligned,Exponential,Stationary,9.76,0.9524784466982171,NA,NA,NA,NA,NA,NA,1963-10-01,2024-09-30,60.99931553730322,NA,NA
Uppsala,Aligned,GP,Multiplicative,1.9446171826853558,0.23968899089216547,0.005652680698401825,0.006110313844085875,0.1277493761026657,0.09883569801104572,0.3574127985054786,NA,1963-10-01,2024-09-30,60.99931553730322,FALSE,NA
Uppsala,Aligned,Exponential,Multiplicative,2.0543725894598373,0.21439150115838804,0.006532298274282999,0.005724932135930796,NA,NA,0.2547508080606416,0.12298314220938843,1963-10-01,2024-09-30,60.99931553730322,FALSE,FALSE
Ytterberg D,Aligned,GP,Stationary,7.108206210257864,1.0587804801790228,NA,NA,0.07970210594106214,0.11395571554744151,NA,NA,1963-10-01,2024-09-30,60.99931553730322,NA,NA
Ytterberg D,Aligned,Exponential,Stationary,7.71870370370385,0.7427325743024988,NA,NA,NA,NA,NA,NA,1963-10-01,2024-09-30,60.99931553730322,NA,NA
Ytterberg D,Aligned,GP,Multiplicative,2.195358419474162,0.24253258563837152,-0.006563148895173509,0.00549637987196053,0.05440954836563388,0.11634255620999238,0.23788935530115937,NA,1963-10-01,2024-09-30,60.99931553730322,FALSE,NA
Ytterberg D,Aligned,Exponential,Multiplicative,2.260204897197607,0.19644996621508173,-0.006847222244422092,0.005219963976474792,NA,NA,0.18798317400850886,0.6229830511992797,1963-10-01,2024-09-30,60.99931553730322,FALSE,FALSE
Åby,Aligned,GP,Stationary,4.563914646343408,0.7711026620697587,NA,NA,0.4337197335241556,0.14548294958973063,NA,NA,1963-10-01,2024-09-30,60.99931553730322,NA,NA
Åby,Aligned,Exponential,Stationary,7.566363636363782,0.7214244302405143,NA,NA,NA,NA,NA,NA,1963-10-01,2024-09-30,60.99931553730322,NA,NA
Åby,Aligned,GP,Multiplicative,1.0141924368524824,0.31191171195100603,0.01565716502755338,0.00802585351949702,0.39431200975591235,0.14558293646580278,0.053878762540716864,NA,1963-10-01,2024-09-30,60.99931553730322,FALSE,NA
Åby,Aligned,Exponential,Multiplicative,1.3606017213294455,0.23811836611120682,0.018598602104988197,0.006486817498324218,NA,NA,0.003979236349807783,8.083991855488218e-4,1963-10-01,2024-09-30,60.99931553730322,TRUE,TRUE
Åkroken D,Aligned,GP,Stationary,9.250274789452641,1.4703997880742143,NA,NA,0.02819995029318078,0.12438638007614888,NA,NA,1963-10-01,2024-09-30,60.99931553730322,NA,NA
Åkroken D,Aligned,Exponential,Stationary,9.516666666666667,0.9422903801819051,NA,NA,NA,NA,NA,NA,1963-10-01,2024-09-30,60.99931553730322,NA,NA
Åkroken D,Aligned,GP,Multiplicative,2.3257392178776684,0.25178733059012104,-0.003088318023712117,0.0060925038666869704,0.029066344160167835,0.12368513426844159,0.6129816452011436,NA,1963-10-01,2024-09-30,60.99931553730322,FALSE,NA
Åkroken D,Aligned,Exponential,Multiplicative,2.3514246097320495,0.22214178310666857,-0.0029808174609178882,0.005948584107325753,NA,NA,0.6159224466574154,0.8098300012787776,1963-10-01,2024-09-30,60.99931553730322,FALSE,FALSE
Åtorp,Aligned,GP,Stationary,6.777933923353303,0.9182102662631174,NA,NA,0.025543269391795444,0.09538696201083678,NA,NA,1963-10-01,2024-09-30,60.99931553730322,NA,NA
Åtorp,Aligned,Exponential,Stationary,6.955740740740885,0.6693164238543751,NA,NA,NA,NA,NA,NA,1963-10-01,2024-09-30,60.99931553730322,NA,NA
Åtorp,Aligned,GP,Multiplicative,1.8898144772347567,0.20040366307921992,9.136791596314598e-4,0.005631500634432967,0.022579258515151905,0.09770700459240755,0.8713297739183234,NA,1963-10-01,2024-09-30,60.99931553730322,FALSE,NA
Åtorp,Aligned,Exponential,Multiplicative,1.9053552891956835,0.1850760946291759,0.0011631237484503627,0.0054070659596833544,NA,NA,0.829592978402895,0.8135882798501872,1963-10-01,2024-09-30,60.99931553730322,FALSE,FALSE
Örnsköldsvik,Aligned,GP,Stationary,8.205410000314114,1.1393436627581968,NA,NA,1.302139843750001e-7,0.09938437441254235,NA,NA,1963-10-01,2024-09-30,60.99931553730322,NA,NA
Örnsköldsvik,Aligned,Exponential,Stationary,8.14355140186945,0.7872667893174324,NA,NA,NA,NA,NA,NA,1963-10-01,2024-09-30,60.99931553730322,NA,NA
Örnsköldsvik,Aligned,GP,Multiplicative,1.8708672917906661,0.20685074381382784,0.007607076245208244,0.005255945351896522,-0.03711962107606471,0.10117080425884035,0.16058060965579493,NA,1963-10-01,2024-09-30,60.99931553730322,FALSE,NA
Örnsköldsvik,Aligned,Exponential,Multiplicative,1.8465234523691827,0.2015847983819902,0.007242471649827255,0.0052895383733124555,NA,NA,0.17529581704882616,0.7230627087827634,1963-10-01,2024-09-30,60.99931553730322,FALSE,FALSE
